Country_Region,Province_State,Last_Update,Confirmed,Deaths,ConfirmedPrevious,ConfirmedDailyIncrease,DeathsPrevious,DeathsDailyIncrease,ConfirmedPreviousIncrease,DeathsPreviousIncrease,ConfirmedSDSMA4,DeathsSDSMA4
US,Alabama,2020-10-13,1022157,16489,,,,,,,,
US,Alabama,2020-10-19,1257451,19856,1022157,235294,16489,3367,,,,
US,Alabama,2020-10-26,1332096,20455,1257451,74645,19856,599,235294,3367,-160649,-2768
US,Alabama,2020-11-02,1402965,21207,1332096,70869,20455,752,74645,599,-3776,153
US,Alabama,2020-11-09,1479641,22343,1402965,76676,21207,1136,70869,752,5807,384
US,Alabama,2020-11-16,1581063,23681,1479641,101422,22343,1338,76676,1136,24746,202
US,Alabama,2020-11-23,1687316,24756,1581063,106253,23681,1075,101422,1338,4831,-263
US,Alaska,2020-10-13,62810,389,,,,,,,,
US,Alaska,2020-10-19,83616,474,62810,20806,389,85,,,,
US,Alaska,2020-10-26,107799,532,83616,24183,474,58,20806,85,3377,-27
US,Alaska,2020-11-02,128370,588,107799,20571,532,56,24183,58,-3612,-2
US,Alaska,2020-11-09,153647,661,128370,25277,588,73,20571,56,4706,17
US,Alaska,2020-11-16,182650,705,153647,29003,661,44,25277,73,3726,-29
US,Alaska,2020-11-23,211066,815,182650,28416,705,110,29003,44,-587,66
US,Arizona,2020-10-13,1374211,34785,,,,,,,,
US,Arizona,2020-10-19,1644469,40988,1374211,270258,34785,6203,,,,
US,Arizona,2020-10-26,1700195,41481,1644469,55726,40988,493,270258,6203,-214532,-5710
US,Arizona,2020-11-02,1772770,42568,1700195,72575,41481,1087,55726,493,16849,594
US,Arizona,2020-11-09,1872623,43683,1772770,99853,42568,1115,72575,1087,27278,28
US,Arizona,2020-11-16,2013830,44711,1872623,141207,43683,1028,99853,1115,41354,-87
US,Arizona,2020-11-23,2201773,45917,2013830,187943,44711,1206,141207,1028,46736,178
US,Arkansas,2020-10-13,580964,9943,,,,,,,,
US,Arkansas,2020-10-19,720000,12356,580964,139036,9943,2413,,,,
US,Arkansas,2020-10-26,768879,13242,720000,48879,12356,886,139036,2413,-90157,-1527
US,Arkansas,2020-11-02,823256,14260,768879,54377,13242,1018,48879,886,5498,132
US,Arkansas,2020-11-09,896773,14980,823256,73517,14260,720,54377,1018,19140,-298
US,Arkansas,2020-11-16,978632,16057,896773,81859,14980,1077,73517,720,8342,357
US,Arkansas,2020-11-23,1062354,17008,978632,83722,16057,951,81859,1077,1863,-126
US,California,2020-10-13,5215221,101050,,,,,,,,
US,California,2020-10-19,6252773,120466,5215221,1037552,101050,19416,,,,
US,California,2020-10-26,6464299,122882,6252773,211526,120466,2416,1037552,19416,-826026,-17000
US,California,2020-11-02,6698872,124967,6464299,234573,122882,2085,211526,2416,23047,-331
US,California,2020-11-09,7039148,127050,6698872,340276,124967,2083,234573,2085,105703,-2
US,California,2020-11-16,7544898,129668,7039148,505750,127050,2618,340276,2083,165474,535
US,California,2020-11-23,8207825,132964,7544898,662927,129668,3296,505750,2618,157177,678
US,Colorado,2020-10-13,495681,12999,,,,,,,,
US,Colorado,2020-10-19,633088,15406,495681,137407,12999,2407,,,,
US,Colorado,2020-10-26,719941,15830,633088,86853,15406,424,137407,2407,-50554,-1983
US,Colorado,2020-11-02,848919,16448,719941,128978,15830,618,86853,424,42125,194
US,Colorado,2020-11-09,1039654,17321,848919,190735,16448,873,128978,618,61757,255
US,Colorado,2020-11-16,1281097,18905,1039654,241443,17321,1584,190735,873,50708,711
US,Colorado,2020-11-23,1511049,20496,1281097,229952,18905,1591,241443,1584,-11491,7
US,Connecticut,2020-10-13,374076,27236,,,,,,,,
US,Connecticut,2020-10-19,456876,31980,374076,82800,27236,4744,,,,
US,Connecticut,2020-10-26,489930,32245,456876,33054,31980,265,82800,4744,-49746,-4479
US,Connecticut,2020-11-02,535509,32576,489930,45579,32245,331,33054,265,12525,66
US,Connecticut,2020-11-09,600960,33058,535509,65451,32576,482,45579,331,19872,151
US,Connecticut,2020-11-16,689086,33603,600960,88126,33058,545,65451,482,22675,63
US,Connecticut,2020-11-23,770067,34487,689086,80981,33603,884,88126,545,-7145,339
US,Delaware,2020-10-13,136178,3971,,,,,,,,
US,Delaware,2020-10-19,164919,4713,136178,28741,3971,742,,,,
US,Delaware,2020-10-26,172190,4870,164919,7271,4713,157,28741,742,-21470,-585
US,Delaware,2020-11-02,180920,5000,172190,8730,4870,130,7271,157,1459,-27
US,Delaware,2020-11-09,194122,5103,180920,13202,5000,103,8730,130,4472,-27
US,Delaware,2020-11-16,212605,5199,194122,18483,5103,96,13202,103,5281,-7
US,Delaware,2020-11-23,235540,5326,212605,22935,5199,127,18483,96,4452,31
US,"Diamond Princess",2020-10-13,294,0,,,,,,,,
US,"Diamond Princess",2020-10-19,343,0,294,49,0,0,,,,
US,"Diamond Princess",2020-10-26,343,0,343,0,0,0,49,0,-49,0
US,"Diamond Princess",2020-11-02,343,0,343,0,0,0,0,0,0,0
US,"Diamond Princess",2020-11-09,343,0,343,0,0,0,0,0,0,0
US,"Diamond Princess",2020-11-16,343,0,343,0,0,0,0,0,0,0
US,"Diamond Princess",2020-11-23,343,0,343,0,0,0,0,0,0,0
US,"District of Columbia",2020-10-13,97325,3836,,,,,,,,
US,"District of Columbia",2020-10-19,115957,4493,97325,18632,3836,657,,,,
US,"District of Columbia",2020-10-26,119544,4513,115957,3587,4493,20,18632,657,-15045,-637
US,"District of Columbia",2020-11-02,123929,4551,119544,4385,4513,38,3587,20,798,18
US,"District of Columbia",2020-11-09,129603,4601,123929,5674,4551,50,4385,38,1289,12
US,"District of Columbia",2020-11-16,137436,4661,129603,7833,4601,60,5674,50,2159,10
US,"District of Columbia",2020-11-23,145644,4734,137436,8208,4661,73,7833,60,375,13
US,Florida,2020-10-13,4481307,94576,,,,,,,,
US,Florida,2020-10-19,5374407,113789,4481307,893100,94576,19213,,,,
US,Florida,2020-10-26,5563549,116443,5374407,189142,113789,2654,893100,19213,-703958,-16559
US,Florida,2020-11-02,5790865,118842,5563549,227316,116443,2399,189142,2654,38174,-255
US,Florida,2020-11-09,6052475,121551,5790865,261610,118842,2709,227316,2399,34294,310
US,Florida,2020-11-16,6400427,124554,6052475,347952,121551,3003,261610,2709,86342,294
US,Florida,2020-11-23,6778374,128055,6400427,377947,124554,3501,347952,3003,29995,498
US,Georgia,2020-10-13,2021938,45217,,,,,,,,
US,Georgia,2020-10-19,2421320,54147,2021938,399382,45217,8930,,,,
US,Georgia,2020-10-26,2498123,55385,2421320,76803,54147,1238,399382,8930,-322579,-7692
US,Georgia,2020-11-02,2767734,59481,2498123,269611,55385,4096,76803,1238,192808,2858
US,Georgia,2020-11-09,2917519,61912,2767734,149785,59481,2431,269611,4096,-119826,-1665
US,Georgia,2020-11-16,3064222,63661,2917519,146703,61912,1749,149785,2431,-3082,-682
US,Georgia,2020-11-23,3226820,65315,3064222,162598,63661,1654,146703,1749,15895,-95
US,"Grand Princess",2020-10-13,618,18,,,,,,,,
US,"Grand Princess",2020-10-19,721,21,618,103,18,3,,,,
US,"Grand Princess",2020-10-26,721,21,721,0,21,0,103,3,-103,-3
US,"Grand Princess",2020-11-02,721,21,721,0,21,0,0,0,0,0
US,"Grand Princess",2020-11-09,721,21,721,0,21,0,0,0,0,0
US,"Grand Princess",2020-11-16,721,21,721,0,21,0,0,0,0,0
US,"Grand Princess",2020-11-23,721,21,721,0,21,0,0,0,0,0
US,Guam,2020-10-13,20648,372,,,,,,,,
US,Guam,2020-10-19,28089,476,20648,7441,372,104,,,,
US,Guam,2020-10-26,31653,541,28089,3564,476,65,7441,104,-3877,-39
US,Guam,2020-11-02,34578,591,31653,2925,541,50,3564,65,-639,-15
US,Guam,2020-11-09,40403,639,34578,5825,591,48,2925,50,2900,-2
US,Guam,2020-11-16,43052,677,40403,2649,639,38,5825,48,-3176,-10
US,Guam,2020-11-23,46618,760,43052,3566,677,83,2649,38,917,45
US,Hawaii,2020-10-13,82846,1098,,,,,,,,
US,Hawaii,2020-10-19,100481,1418,82846,17635,1098,320,,,,
US,Hawaii,2020-10-26,104455,1509,100481,3974,1418,91,17635,320,-13661,-229
US,Hawaii,2020-11-02,109051,1536,104455,4596,1509,27,3974,91,622,-64
US,Hawaii,2020-11-09,115471,1553,109051,6420,1536,17,4596,27,1824,-10
US,Hawaii,2020-11-16,119856,1578,115471,4385,1553,25,6420,17,-2035,8
US,Hawaii,2020-11-23,125123,1662,119856,5267,1578,84,4385,25,882,59
US,Idaho,2020-10-13,307127,3125,,,,,,,,
US,Idaho,2020-10-19,396414,3872,307127,89287,3125,747,,,,
US,Idaho,2020-10-26,439001,4264,396414,42587,3872,392,89287,747,-46700,-355
US,Idaho,2020-11-02,486944,4662,439001,47943,4264,398,42587,392,5356,6
US,Idaho,2020-11-09,548415,5164,486944,61471,4662,502,47943,398,13528,104
US,Idaho,2020-11-16,615133,5749,548415,66718,5164,585,61471,502,5247,83
US,Idaho,2020-11-23,679470,6272,615133,64337,5749,523,66718,585,-2381,-62
US,Illinois,2020-10-13,2023833,56317,,,,,,,,
US,Illinois,2020-10-19,2550339,67499,2023833,526506,56317,11182,,,,
US,Illinois,2020-10-26,2814052,69573,2550339,263713,67499,2074,526506,11182,-262793,-9108
US,Illinois,2020-11-02,3195060,72206,2814052,381008,69573,2633,263713,2074,117295,559
US,Illinois,2020-11-09,3758683,75993,3195060,563623,72206,3787,381008,2633,182615,1154
US,Illinois,2020-11-16,4348230,81433,3758683,589547,75993,5440,563623,3787,25924,1653
US,Illinois,2020-11-23,4859778,87810,4348230,511548,81433,6377,589547,5440,-77999,937
US,Indiana,2020-10-13,855639,23264,,,,,,,,
US,Indiana,2020-10-19,1088246,28396,855639,232607,23264,5132,,,,
US,Indiana,2020-10-26,1210346,29806,1088246,122100,28396,1410,232607,5132,-110507,-3722
US,Indiana,2020-11-02,1378110,31572,1210346,167764,29806,1766,122100,1410,45664,356
US,Indiana,2020-11-09,1622235,33631,1378110,244125,31572,2059,167764,1766,76361,293
US,Indiana,2020-11-16,1929527,35945,1622235,307292,33631,2314,244125,2059,63167,255
US,Indiana,2020-11-23,2225723,38768,1929527,296196,35945,2823,307292,2314,-11096,509
US,Iowa,2020-10-13,628160,9096,,,,,,,,
US,Iowa,2020-10-19,783695,11217,628160,155535,9096,2121,,,,
US,Iowa,2020-10-26,864552,11896,783695,80857,11217,679,155535,2121,-74678,-1442
US,Iowa,2020-11-02,997445,12666,864552,132893,11896,770,80857,679,52036,91
US,Iowa,2020-11-09,1214351,13589,997445,216906,12666,923,132893,770,84013,153
US,Iowa,2020-11-16,1408669,14868,1214351,194318,13589,1279,216906,923,-22588,356
US,Iowa,2020-11-23,1558110,16287,1408669,149441,14868,1419,194318,1279,-44877,140
US,Kansas,2020-10-11,34151,432,,,,,,,,
US,Kansas,2020-10-13,432988,5052,34151,398837,432,4620,,,,
US,Kansas,2020-10-19,542075,6596,432988,109087,5052,1544,398837,4620,-289750,-3076
US,Kansas,2020-10-26,598249,7061,542075,56174,6596,465,109087,1544,-52913,-1079
US,Kansas,2020-11-02,680809,7775,598249,82560,7061,714,56174,465,26386,249
US,Kansas,2020-11-09,785586,8560,680809,104777,7775,785,82560,714,22217,71
US,Kansas,2020-11-16,922890,9414,785586,137304,8560,854,104777,785,32527,69
US,Kansas,2020-11-23,1057271,10505,922890,134381,9414,1091,137304,854,-2923,237
US,Kentucky,2020-10-11,80292,1252,,,,,,,,
US,Kentucky,2020-10-13,508809,7771,80292,428517,1252,6519,,,,
US,Kentucky,2020-10-19,647256,9618,508809,138447,7771,1847,428517,6519,-290070,-4672
US,Kentucky,2020-10-26,723405,10191,647256,76149,9618,573,138447,1847,-62298,-1274
US,Kentucky,2020-11-02,807339,10713,723405,83934,10191,522,76149,573,7785,-51
US,Kentucky,2020-11-09,910804,11358,807339,103465,10713,645,83934,522,19531,123
US,Kentucky,2020-11-16,1040462,12147,910804,129658,11358,789,103465,645,26193,144
US,Kentucky,2020-11-23,1178210,12923,1040462,137748,12147,776,129658,789,8090,-13
US,Louisiana,2020-10-11,172059,5655,,,,,,,,
US,Louisiana,2020-10-13,1044843,34285,172059,872784,5655,28630,,,,
US,Louisiana,2020-10-19,1245815,40598,1044843,200972,34285,6313,872784,28630,-671812,-22317
US,Louisiana,2020-10-26,1272221,41288,1245815,26406,40598,690,200972,6313,-174566,-5623
US,Louisiana,2020-11-02,1300705,41923,1272221,28484,41288,635,26406,690,2078,-55
US,Louisiana,2020-11-09,1384762,42635,1300705,84057,41923,712,28484,635,55573,77
US,Louisiana,2020-11-16,1488232,43404,1384762,103470,42635,769,84057,712,19413,57
US,Louisiana,2020-11-23,1590288,44496,1488232,102056,43404,1092,103470,769,-1414,323
US,Maine,2020-10-11,5720,143,,,,,,,,
US,Maine,2020-10-13,35142,867,5720,29422,143,724,,,,
US,Maine,2020-10-19,42464,1022,35142,7322,867,155,29422,724,-22100,-569
US,Maine,2020-10-26,45351,1024,42464,2887,1022,2,7322,155,-4435,-153
US,Maine,2020-11-02,50791,1049,45351,5440,1024,25,2887,2,2553,23
US,Maine,2020-11-09,58919,1116,50791,8128,1049,67,5440,25,2688,42
US,Maine,2020-11-16,68173,1195,58919,9254,1116,79,8128,67,1126,12
US,Maine,2020-11-23,77696,1318,68173,9523,1195,123,9254,79,269,44
US,Maryland,2020-10-11,131357,3999,,,,,,,,
US,Maryland,2020-10-13,803922,24167,131357,672565,3999,20168,,,,
US,Maryland,2020-10-19,966570,28484,803922,162648,24167,4317,672565,20168,-509917,-15851
US,Maryland,2020-10-26,1004137,28885,966570,37567,28484,401,162648,4317,-125081,-3916
US,Maryland,2020-11-02,1051907,29278,1004137,47770,28885,393,37567,401,10203,-8
US,Maryland,2020-11-09,1122192,29832,1051907,70285,29278,554,47770,393,22515,161
US,Maryland,2020-11-16,1223213,30614,1122192,101021,29832,782,70285,554,30736,228
US,Maryland,2020-11-23,1331655,31790,1223213,108442,30614,1176,101021,782,7421,394
US,Massachusetts,2020-10-11,138903,9604,,,,,,,,
US,Massachusetts,2020-10-13,851919,58111,138903,713016,9604,48507,,,,
US,Massachusetts,2020-10-19,1031671,68634,851919,179752,58111,10523,713016,48507,-533264,-37984
US,Massachusetts,2020-10-26,1090025,69623,1031671,58354,68634,989,179752,10523,-121398,-9534
US,Massachusetts,2020-11-02,1158843,70589,1090025,68818,69623,966,58354,989,10464,-23
US,Massachusetts,2020-11-09,1262850,71698,1158843,104007,70589,1109,68818,966,35189,143
US,Massachusetts,2020-11-16,1389775,73011,1262850,126925,71698,1313,104007,1109,22918,204
US,Massachusetts,2020-11-23,1515695,74323,1389775,125920,73011,1312,126925,1313,-1005,-1
US,Michigan,2020-10-11,149453,7219,,,,,,,,
US,Michigan,2020-10-13,945559,43822,149453,796106,7219,36603,,,,
US,Michigan,2020-10-19,1191411,52156,945559,245852,43822,8334,796106,36603,-550254,-28269
US,Michigan,2020-10-26,1326190,53459,1191411,134779,52156,1303,245852,8334,-111073,-7031
US,Michigan,2020-11-02,1523167,54862,1326190,196977,53459,1403,134779,1303,62198,100
US,Michigan,2020-11-09,1814561,57483,1523167,291394,54862,2621,196977,1403,94417,1218
US,Michigan,2020-11-16,2179116,60756,1814561,364555,57483,3273,291394,2621,73161,652
US,Michigan,2020-11-23,2519681,64665,2179116,340565,60756,3909,364555,3273,-23990,636
US,Minnesota,2020-10-11,112268,2194,,,,,,,,
US,Minnesota,2020-10-13,710921,13511,112268,598653,2194,11317,,,,
US,Minnesota,2020-10-19,900500,16429,710921,189579,13511,2918,598653,11317,-409074,-8399
US,Minnesota,2020-10-26,999272,17270,900500,98772,16429,841,189579,2918,-90807,-2077
US,Minnesota,2020-11-02,1162627,18318,999272,163355,17270,1048,98772,841,64583,207
US,Minnesota,2020-11-09,1417782,19926,1162627,255155,18318,1608,163355,1048,91800,560
US,Minnesota,2020-11-16,1749725,21936,1417782,331943,19926,2010,255155,1608,76788,402
US,Minnesota,2020-11-23,2050015,24300,1749725,300290,21936,2364,331943,2010,-31653,354
US,Mississippi,2020-10-11,104932,3101,,,,,,,,
US,Mississippi,2020-10-13,650164,18909,104932,545232,3101,15808,,,,
US,Mississippi,2020-10-19,791170,22575,650164,141006,18909,3666,545232,15808,-404226,-12142
US,Mississippi,2020-10-26,828580,23168,791170,37410,22575,593,141006,3666,-103596,-3073
US,Mississippi,2020-11-02,865964,23829,828580,37384,23168,661,37410,593,-26,68
US,Mississippi,2020-11-09,915021,24536,865964,49057,23829,707,37384,661,11673,46
US,Mississippi,2020-11-16,972898,25321,915021,57877,24536,785,49057,707,8820,78
US,Mississippi,2020-11-23,1031553,26267,972898,58655,25321,946,57877,785,778,161
US,Missouri,2020-10-11,145938,2424,,,,,,,,
US,Missouri,2020-10-13,920801,15078,145938,774863,2424,12654,,,,
US,Missouri,2020-10-19,1159589,18865,920801,238788,15078,3787,774863,12654,-536075,-8867
US,Missouri,2020-10-26,1261116,20461,1159589,101527,18865,1596,238788,3787,-137261,-2191
US,Missouri,2020-11-02,1407173,21802,1261116,146057,20461,1341,101527,1596,44530,-255
US,Missouri,2020-11-09,1613659,23298,1407173,206486,21802,1496,146057,1341,60429,155
US,Missouri,2020-11-16,1842634,24586,1613659,228975,23298,1288,206486,1496,22489,-208
US,Missouri,2020-11-23,2045924,26516,1842634,203290,24586,1930,228975,1288,-25685,642
US,Montana,2020-10-11,18702,210,,,,,,,,
US,Montana,2020-10-13,127395,1387,18702,108693,210,1177,,,,
US,Montana,2020-10-19,179360,1919,127395,51965,1387,532,108693,1177,-56728,-645
US,Montana,2020-10-26,216878,2385,179360,37518,1919,466,51965,532,-14447,-66
US,Montana,2020-11-02,258908,2916,216878,42030,2385,531,37518,466,4512,65
US,Montana,2020-11-09,303593,3374,258908,44685,2916,458,42030,531,2655,-73
US,Montana,2020-11-16,363340,3957,303593,59747,3374,583,44685,458,15062,125
US,Montana,2020-11-23,414574,4551,363340,51234,3957,594,59747,583,-8513,11
US,Nebraska,2020-10-11,52382,519,,,,,,,,
US,Nebraska,2020-10-13,335552,3234,52382,283170,519,2715,,,,
US,Nebraska,2020-10-19,429341,4064,335552,93789,3234,830,283170,2715,-189381,-1885
US,Nebraska,2020-10-26,476613,4440,429341,47272,4064,376,93789,830,-46517,-454
US,Nebraska,2020-11-02,547637,4766,476613,71024,4440,326,47272,376,23752,-50
US,Nebraska,2020-11-09,645696,5260,547637,98059,4766,494,71024,326,27035,168
US,Nebraska,2020-11-16,760054,6004,645696,114358,5260,744,98059,494,16299,250
US,Nebraska,2020-11-23,848331,6762,760054,88277,6004,758,114358,744,-26081,14
US,Nevada,2020-10-11,85779,1661,,,,,,,,
US,Nevada,2020-10-13,530716,10187,85779,444937,1661,8526,,,,
US,Nevada,2020-10-19,651439,12136,530716,120723,10187,1949,444937,8526,-324214,-6577
US,Nevada,2020-10-26,691139,12375,651439,39700,12136,239,120723,1949,-81023,-1710
US,Nevada,2020-11-02,740282,12775,691139,49143,12375,400,39700,239,9443,161
US,Nevada,2020-11-09,807503,13178,740282,67221,12775,403,49143,400,18078,3
US,Nevada,2020-11-16,894564,13771,807503,87061,13178,593,67221,403,19840,190
US,Nevada,2020-11-23,1008419,14584,894564,113855,13771,813,87061,593,26794,220
US,"New Hampshire",2020-10-11,9143,456,,,,,,,,
US,"New Hampshire",2020-10-13,56818,2774,9143,47675,456,2318,,,,
US,"New Hampshire",2020-10-19,70163,3292,56818,13345,2774,518,47675,2318,-34330,-1800
US,"New Hampshire",2020-10-26,75518,3358,70163,5355,3292,66,13345,518,-7990,-452
US,"New Hampshire",2020-11-02,82880,3402,75518,7362,3358,44,5355,66,2007,-22
US,"New Hampshire",2020-11-09,95185,3461,82880,12305,3402,59,7362,44,4943,15
US,"New Hampshire",2020-11-16,114194,3539,95185,19009,3461,78,12305,59,6704,19
US,"New Hampshire",2020-11-23,134082,3619,114194,19888,3539,80,19009,78,879,2
US,"New Jersey",2020-10-11,213628,16174,,,,,,,,
US,"New Jersey",2020-10-13,1304291,97187,213628,1090663,16174,81013,,,,
US,"New Jersey",2020-10-19,1572243,113788,1304291,267952,97187,16601,1090663,81013,-822711,-64412
US,"New Jersey",2020-10-26,1642597,114297,1572243,70354,113788,509,267952,16601,-197598,-16092
US,"New Jersey",2020-11-02,1732855,114792,1642597,90258,114297,495,70354,509,19904,-14
US,"New Jersey",2020-11-09,1871957,115508,1732855,139102,114792,716,90258,495,48844,221
US,"New Jersey",2020-11-16,2055734,116761,1871957,183777,115508,1253,139102,716,44675,537
US,"New Jersey",2020-11-23,2253874,118287,2055734,198140,116761,1526,183777,1253,14363,273
US,"New Mexico",2020-10-11,32983,911,,,,,,,,
US,"New Mexico",2020-10-13,211862,5552,32983,178879,911,4641,,,,
US,"New Mexico",2020-10-19,276361,6672,211862,64499,5552,1120,178879,4641,-114380,-3521
US,"New Mexico",2020-10-26,314116,6992,276361,37755,6672,320,64499,1120,-26744,-800
US,"New Mexico",2020-11-02,359651,7532,314116,45535,6992,540,37755,320,7780,220
US,"New Mexico",2020-11-09,423024,8229,359651,63373,7532,697,45535,540,17838,157
US,"New Mexico",2020-11-16,516014,9150,423024,92990,8229,921,63373,697,29617,224
US,"New Mexico",2020-11-23,629544,10319,516014,113530,9150,1169,92990,921,20540,248
US,"New York",2020-10-11,474286,33469,,,,,,,,
US,"New York",2020-10-13,2882327,201153,474286,2408041,33469,167684,,,,
US,"New York",2020-10-19,3431466,235261,2882327,549139,201153,34108,2408041,167684,-1858902,-133576
US,"New York",2020-10-26,3521863,235891,3431466,90397,235261,630,549139,34108,-458742,-33478
US,"New York",2020-11-02,3636349,236845,3521863,114486,235891,954,90397,630,24089,324
US,"New York",2020-11-09,3822966,237833,3636349,186617,236845,988,114486,954,72131,34
US,"New York",2020-11-16,4057809,239479,3822966,234843,237833,1646,186617,988,48226,658
US,"New York",2020-11-23,4346560,241084,4057809,288751,239479,1605,234843,1646,53908,-41
US,"North Carolina",2020-10-11,231471,3770,,,,,,,,
US,"North Carolina",2020-10-13,1441203,23319,231471,1209732,3770,19549,,,,
US,"North Carolina",2020-10-19,1773605,28460,1441203,332402,23319,5141,1209732,19549,-877330,-14408
US,"North Carolina",2020-10-26,1883939,30002,1773605,110334,28460,1542,332402,5141,-222068,-3599
US,"North Carolina",2020-11-02,2000021,31696,1883939,116082,30002,1694,110334,1542,5748,152
US,"North Carolina",2020-11-09,2122903,32961,2000021,122882,31696,1265,116082,1694,6800,-429
US,"North Carolina",2020-11-16,2275604,34518,2122903,152701,32961,1557,122882,1265,29819,292
US,"North Carolina",2020-11-23,2448750,36058,2275604,173146,34518,1540,152701,1557,20445,-17
US,"North Dakota",2020-10-11,27264,337,,,,,,,,
US,"North Dakota",2020-10-13,180600,2283,27264,153336,337,1946,,,,
US,"North Dakota",2020-10-19,246052,3017,180600,65452,2283,734,153336,1946,-87884,-1212
US,"North Dakota",2020-10-26,289850,3491,246052,43798,3017,474,65452,734,-21654,-260
US,"North Dakota",2020-11-02,350451,4138,289850,60601,3491,647,43798,474,16803,173
US,"North Dakota",2020-11-09,415626,4870,350451,65175,4138,732,60601,647,4574,85
US,"North Dakota",2020-11-16,480933,5620,415626,65307,4870,750,65175,732,132,18
US,"North Dakota",2020-11-23,533543,6292,480933,52610,5620,672,65307,750,-12697,-78
US,"Northern Mariana Islands",2020-10-11,77,2,,,,,,,,
US,"Northern Mariana Islands",2020-10-13,486,12,77,409,2,10,,,,
US,"Northern Mariana Islands",2020-10-19,614,14,486,128,12,2,409,10,-281,-8
US,"Northern Mariana Islands",2020-10-26,648,14,614,34,14,0,128,2,-94,-2
US,"Northern Mariana Islands",2020-11-02,682,14,648,34,14,0,34,0,0,0
US,"Northern Mariana Islands",2020-11-09,702,14,682,20,14,0,34,0,-14,0
US,"Northern Mariana Islands",2020-11-16,722,14,702,20,14,0,20,0,0,0
US,"Northern Mariana Islands",2020-11-23,729,14,722,7,14,0,20,0,-13,0
US,Ohio,2020-10-11,168749,4999,,,,,,,,
US,Ohio,2020-10-13,1061137,30276,168749,892388,4999,25277,,,,
US,Ohio,2020-10-19,1334567,36064,1061137,273430,30276,5788,892388,25277,-618958,-19489
US,Ohio,2020-10-26,1464734,36882,1334567,130167,36064,818,273430,5788,-143263,-4970
US,Ohio,2020-11-02,1649599,38119,1464734,184865,36882,1237,130167,818,54698,419
US,Ohio,2020-11-09,1929136,39488,1649599,279537,38119,1369,184865,1237,94672,132
US,Ohio,2020-11-16,2293378,41166,1929136,364242,39488,1678,279537,1369,84705,309
US,Ohio,2020-11-23,2721573,43791,2293378,428195,41166,2625,364242,1678,63953,947
US,Oklahoma,2020-10-11,99387,1098,,,,,,,,
US,Oklahoma,2020-10-13,627019,6881,99387,527632,1098,5783,,,,
US,Oklahoma,2020-10-19,787236,8523,627019,160217,6881,1642,527632,5783,-367415,-4141
US,Oklahoma,2020-10-26,843521,9124,787236,56285,8523,601,160217,1642,-103932,-1041
US,Oklahoma,2020-11-02,909126,9830,843521,65605,9124,706,56285,601,9320,105
US,Oklahoma,2020-11-09,1017328,10383,909126,108202,9830,553,65605,706,42597,-153
US,Oklahoma,2020-11-16,1153545,11101,1017328,136217,10383,718,108202,553,28015,165
US,Oklahoma,2020-11-23,1304104,11830,1153545,150559,11101,729,136217,718,14342,11
US,Oregon,2020-10-11,37255,599,,,,,,,,
US,Oregon,2020-10-13,232247,3680,37255,194992,599,3081,,,,
US,Oregon,2020-10-19,286004,4485,232247,53757,3680,805,194992,3081,-141235,-2276
US,Oregon,2020-10-26,307003,4718,286004,20999,4485,233,53757,805,-32758,-572
US,Oregon,2020-11-02,335969,4983,307003,28966,4718,265,20999,233,7967,32
US,Oregon,2020-11-09,377548,5232,335969,41579,4983,249,28966,265,12613,-16
US,Oregon,2020-11-16,427771,5590,377548,50223,5232,358,41579,249,8644,109
US,Oregon,2020-11-23,488129,6093,427771,60358,5590,503,50223,358,10135,145
US,Pennsylvania,2020-10-11,176781,8330,,,,,,,,
US,Pennsylvania,2020-10-13,1099659,50506,176781,922878,8330,42176,,,,
US,Pennsylvania,2020-10-19,1354823,60002,1099659,255164,50506,9496,922878,42176,-667714,-32680
US,Pennsylvania,2020-10-26,1456500,61169,1354823,101677,60002,1167,255164,9496,-153487,-8329
US,Pennsylvania,2020-11-02,1582751,62425,1456500,126251,61169,1256,101677,1167,24574,89
US,Pennsylvania,2020-11-09,1778846,64157,1582751,196095,62425,1732,126251,1256,69844,476
US,Pennsylvania,2020-11-16,2059561,66955,1778846,280715,64157,2798,196095,1732,84620,1066
US,Pennsylvania,2020-11-23,2386905,70738,2059561,327344,66955,3783,280715,2798,46629,985
US,"Puerto Rico",2020-10-11,53671,730,,,,,,,,
US,"Puerto Rico",2020-10-13,336496,4508,53671,282825,730,3778,,,,
US,"Puerto Rico",2020-10-19,419227,5480,336496,82731,4508,972,282825,3778,-200094,-2806
US,"Puerto Rico",2020-10-26,453549,5713,419227,34322,5480,233,82731,972,-48409,-739
US,"Puerto Rico",2020-11-02,489768,5982,453549,36219,5713,269,34322,233,1897,36
US,"Puerto Rico",2020-11-09,282379,6351,489768,-207389,5982,369,36219,269,-243608,100
US,"Puerto Rico",2020-11-16,314170,6866,282379,31791,6351,515,-207389,369,239180,146
US,"Puerto Rico",2020-11-23,348660,7444,314170,34490,6866,578,31791,515,2699,63
US,Recovered,2020-10-11,0,0,,,,,,,,
US,Recovered,2020-10-13,0,0,0,0,0,0,,,,
US,Recovered,2020-10-19,0,0,0,0,0,0,0,0,0,0
US,Recovered,2020-10-26,0,0,0,0,0,0,0,0,0,0
US,Recovered,2020-11-02,0,0,0,0,0,0,0,0,0,0
US,Recovered,2020-11-09,0,0,0,0,0,0,0,0,0,0
US,Recovered,2020-11-16,0,0,0,0,0,0,0,0,0,0
US,Recovered,2020-11-23,0,0,0,0,0,0,0,0,0,0
US,"Rhode Island",2020-10-11,26294,1130,,,,,,,,
US,"Rhode Island",2020-10-13,164635,6891,26294,138341,1130,5761,,,,
US,"Rhode Island",2020-10-19,206067,8196,164635,41432,6891,1305,138341,5761,-96909,-4456
US,"Rhode Island",2020-10-26,225347,8362,206067,19280,8196,166,41432,1305,-22152,-1139
US,"Rhode Island",2020-11-02,248675,8530,225347,23328,8362,168,19280,166,4048,2
US,"Rhode Island",2020-11-09,281934,8725,248675,33259,8530,195,23328,168,9931,27
US,"Rhode Island",2020-11-16,325316,9002,281934,43382,8725,277,33259,195,10123,82
US,"Rhode Island",2020-11-23,368493,9342,325316,43177,9002,340,43382,277,-205,63
US,"South Carolina",2020-10-11,157406,3552,,,,,,,,
US,"South Carolina",2020-10-13,969255,21678,157406,811849,3552,18126,,,,
US,"South Carolina",2020-10-19,1172512,26192,969255,203257,21678,4514,811849,18126,-608592,-13612
US,"South Carolina",2020-10-26,1222391,27197,1172512,49879,26192,1005,203257,4514,-153378,-3509
US,"South Carolina",2020-11-02,1274680,27947,1222391,52289,27197,750,49879,1005,2410,-255
US,"South Carolina",2020-11-09,1335236,28586,1274680,60556,27947,639,52289,750,8267,-111
US,"South Carolina",2020-11-16,1409598,29470,1335236,74362,28586,884,60556,639,13806,245
US,"South Carolina",2020-11-23,1482752,30280,1409598,73154,29470,810,74362,884,-1208,-74
US,"South Dakota",2020-10-11,28564,286,,,,,,,,
US,"South Dakota",2020-10-13,188251,1828,28564,159687,286,1542,,,,
US,"South Dakota",2020-10-19,253900,2430,188251,65649,1828,602,159687,1542,-94038,-940
US,"South Dakota",2020-10-26,303346,2814,253900,49446,2430,384,65649,602,-16203,-218
US,"South Dakota",2020-11-02,359665,3395,303346,56319,2814,581,49446,384,6873,197
US,"South Dakota",2020-11-09,424947,4044,359665,65282,3395,649,56319,581,8963,68
US,"South Dakota",2020-11-16,488324,5004,424947,63377,4044,960,65282,649,-1905,311
US,"South Dakota",2020-11-23,538270,6111,488324,49946,5004,1107,63377,960,-13431,147
US,Tennessee,2020-10-11,214717,2767,,,,,,,,
US,Tennessee,2020-10-13,1340570,17172,214717,1125853,2767,14405,,,,
US,Tennessee,2020-10-19,1672585,21162,1340570,332015,17172,3990,1125853,14405,-793838,-10415
US,Tennessee,2020-10-26,1794326,22921,1672585,121741,21162,1759,332015,3990,-210274,-2231
US,Tennessee,2020-11-02,1905727,24546,1794326,111401,22921,1625,121741,1759,-10340,-134
US,Tennessee,2020-11-09,2084140,26453,1905727,178413,24546,1907,111401,1625,67012,282
US,Tennessee,2020-11-16,2300801,28773,2084140,216661,26453,2320,178413,1907,38248,413
US,Tennessee,2020-11-23,2477514,31279,2300801,176713,28773,2506,216661,2320,-39948,186
US,Texas,2020-10-11,825144,16972,,,,,,,,
US,Texas,2020-10-13,5084015,103850,825144,4258871,16972,86878,,,,
US,Texas,2020-10-19,6171844,123998,5084015,1087829,103850,20148,4258871,86878,-3171042,-66730
US,Texas,2020-10-26,6487912,127813,6171844,316068,123998,3815,1087829,20148,-771761,-16333
US,Texas,2020-11-02,6856973,132194,6487912,369061,127813,4381,316068,3815,52993,566
US,Texas,2020-11-09,7309568,137451,6856973,452595,132194,5257,369061,4381,83534,876
US,Texas,2020-11-16,7831990,143749,7309568,522422,137451,6298,452595,5257,69827,1041
US,Texas,2020-11-23,8389038,150711,7831990,557048,143749,6962,522422,6298,34626,664
US,Utah,2020-10-11,85844,517,,,,,,,,
US,Utah,2020-10-13,546891,3198,85844,461047,517,2681,,,,
US,Utah,2020-10-19,699268,3924,546891,152377,3198,726,461047,2681,-308670,-1955
US,Utah,2020-10-26,776852,4157,699268,77584,3924,233,152377,726,-74793,-493
US,Utah,2020-11-02,872993,4457,776852,96141,4157,300,77584,233,18557,67
US,Utah,2020-11-09,1006350,4827,872993,133357,4457,370,96141,300,37216,70
US,Utah,2020-11-16,1164499,5304,1006350,158149,4827,477,133357,370,24792,107
US,Utah,2020-11-23,1305285,5853,1164499,140786,5304,549,158149,477,-17363,72
US,Vermont,2020-10-11,1868,58,,,,,,,,
US,Vermont,2020-10-13,11456,348,1868,9588,58,290,,,,
US,Vermont,2020-10-19,13992,406,11456,2536,348,58,9588,290,-7052,-232
US,Vermont,2020-10-26,14987,406,13992,995,406,0,2536,58,-1541,-58
US,Vermont,2020-11-02,16091,408,14987,1104,406,2,995,0,109,2
US,Vermont,2020-11-09,18538,413,16091,2447,408,5,1104,2,1343,3
US,Vermont,2020-11-16,23217,427,18538,4679,413,14,2447,5,2232,9
US,Vermont,2020-11-23,27268,456,23217,4051,427,29,4679,14,-628,15
US,"Virgin Islands",2020-10-11,1325,20,,,,,,,,
US,"Virgin Islands",2020-10-13,7984,124,1325,6659,20,104,,,,
US,"Virgin Islands",2020-10-19,9390,147,7984,1406,124,23,6659,104,-5253,-81
US,"Virgin Islands",2020-10-26,9519,147,9390,129,147,0,1406,23,-1277,-23
US,"Virgin Islands",2020-11-02,9722,158,9519,203,147,11,129,0,74,11
US,"Virgin Islands",2020-11-09,9938,161,9722,216,158,3,203,11,13,-8
US,"Virgin Islands",2020-11-16,10293,161,9938,355,161,0,216,3,139,-3
US,"Virgin Islands",2020-11-23,10673,161,10293,380,161,0,355,0,25,0
US,Virginia,2020-10-11,158716,3358,,,,,,,,
US,Virginia,2020-10-13,980856,20404,158716,822140,3358,17046,,,,
US,Virginia,2020-10-19,1190485,24677,980856,209629,20404,4273,822140,17046,-612511,-12773
US,Virginia,2020-10-26,1247842,25385,1190485,57357,24677,708,209629,4273,-152272,-3565
US,Virginia,2020-11-02,1312953,25782,1247842,65111,25385,397,57357,708,7754,-311
US,Virginia,2020-11-09,1384943,26322,1312953,71990,25782,540,65111,397,6879,143
US,Virginia,2020-11-16,1477825,27185,1384943,92882,26322,863,71990,540,20892,323
US,Virginia,2020-11-23,1599823,28114,1477825,121998,27185,929,92882,863,29116,66
US,Washington,2020-10-11,93035,2190,,,,,,,,
US,Washington,2020-10-13,579235,13381,93035,486200,2190,11191,,,,
US,Washington,2020-10-19,704732,16003,579235,125497,13381,2622,486200,11191,-360703,-8569
US,Washington,2020-10-26,740216,16468,704732,35484,16003,465,125497,2622,-90013,-2157
US,Washington,2020-11-02,790978,16942,740216,50762,16468,474,35484,465,15278,9
US,Washington,2020-11-09,865217,17488,790978,74239,16942,546,50762,474,23477,72
US,Washington,2020-11-16,960551,18171,865217,95334,17488,683,74239,546,21095,137
US,Washington,2020-11-23,1087869,18862,960551,127318,18171,691,95334,683,31984,8
US,"West Virginia",2020-10-11,18132,385,,,,,,,,
US,"West Virginia",2020-10-13,115936,2379,18132,97804,385,1994,,,,
US,"West Virginia",2020-10-19,147621,2920,115936,31685,2379,541,97804,1994,-66119,-1453
US,"West Virginia",2020-10-26,164802,3115,147621,17181,2920,195,31685,541,-14504,-346
US,"West Virginia",2020-11-02,186469,3384,164802,21667,3115,269,17181,195,4486,74
US,"West Virginia",2020-11-09,217729,3910,186469,31260,3384,526,21667,269,9593,257
US,"West Virginia",2020-11-16,262005,4377,217729,44276,3910,467,31260,526,13016,-59
US,"West Virginia",2020-11-23,308315,4915,262005,46310,4377,538,44276,467,2034,71
US,Wisconsin,2020-10-11,150236,1465,,,,,,,,
US,Wisconsin,2020-10-13,974932,9319,150236,824696,1465,7854,,,,
US,Wisconsin,2020-10-19,1373506,11910,974932,398574,9319,2591,824696,7854,-426122,-5263
US,Wisconsin,2020-10-26,1588972,13535,1373506,215466,11910,1625,398574,2591,-183108,-966
US,Wisconsin,2020-11-02,1846211,15371,1588972,257239,13535,1836,215466,1625,41773,211
US,Wisconsin,2020-11-09,2162664,17975,1846211,316453,15371,2604,257239,1836,59214,768
US,Wisconsin,2020-11-16,2499142,20950,2162664,336478,17975,2975,316453,2604,20025,371
US,Wisconsin,2020-11-23,2770255,23573,2499142,271113,20950,2623,336478,2975,-65365,-352
US,Wyoming,2020-10-11,7611,54,,,,,,,,
US,Wyoming,2020-10-13,51022,342,7611,43411,54,288,,,,
US,Wyoming,2020-10-19,71195,451,51022,20173,342,109,43411,288,-23238,-179
US,Wyoming,2020-10-26,87985,579,71195,16790,451,128,20173,109,-3383,19
US,Wyoming,2020-11-02,109553,733,87985,21568,579,154,16790,128,4778,26
US,Wyoming,2020-11-09,142821,910,109553,33268,733,177,21568,154,11700,23
US,Wyoming,2020-11-16,181798,1158,142821,38977,910,248,33268,177,5709,71
US,Wyoming,2020-11-23,217102,1479,181798,35304,1158,321,38977,248,-3673,73
